0xdb,0xce,0xd9,0x74,0x24,0xf4,0xbe,0xa1,0xa1,0xa2,0x9f,0x5a,0x2b,0xc9,
0xb1,0x79,0x83,0xc2,0x04,0x31,0x72,0x16,0x03,0x72,0x16,0xe2,0x54,0x1c,
0x91,0xb5,0x11,0x57,0x0c,0x10,0xc4,0x1c,0x94,0x57,0xac,0xef,0x1d,0x26,
0x23,0x21,0xf4,0x5b,0x40,0xab,0xf4,0x5f,0x1f,0x08,0x60,0x9d,0xd9,0xb1,
0xda,0xd7,0xb9,0xd7,0xe3,0x1a,0x38,0xa7,0x20,0x72,0x08,0xde,0x33,0xba,
0x5b,0x85,0x43,0x4c,0xc9,0x26,0x3e,0xfd,0x0c,0x25,0x8e,0xc0,0x95,0xb1,
0x19,0xeb,0x17,0x6a,0x7b,0xb3,0x96,0xdb,0x5a,0x54,0xd9,0xb9,0x91,0x05,
0x78,0x1b,0xfd,0xa8,0x63,0x44,0x4f,0x99,0xcf,0xcb,0xca,0x6e,0xe4,0xd4,
0x14,0x6a,0xa4,0x03,0x86,0x53,0x75,0x8d,0x0b,0x0b,0x6c,0x84,0x35,0xfd,
0xfa,0xe3,0x02,0xf2,0x9d,0xb7,0x16,0xea,0x78,0x56,0xd5,0xd8,0x79,0x9b,
0xa9,0xa7,0x60,0x4e,0x7a,0x37,0x9d,0x01,0xdf,0x93,0xe8,0x36,0xa8,0x2f,
0x50,0x37,0x60,0x90,0x9f,0xbb,0xdc,0x09,0x77,0xd3,0x12,0xa4,0xca,0x7d,
0xc5,0x37,0xd2,0xaa,0x78,0x3b,0x54,0x89,0xf5,0xd1,0x35,0x03,0x4c,0xb2,
0x22,0xbf,0x58,0x6f,0xf4,0xec,0x5b,0x49,0xd5,0xab,0x25,0x62,0xae,0x64,
0x97,0x83,0xbd,0xd5,0xe4,0x8e,0x61,0xa7,0xd7,0xd2,0x3e,0x72,0x8f,0x74,
0x3e,0x09,0x90,0x5a,0x2a,0x3c,0xf5,0x78,0xf8,0x76,0xa5,0xfe,0x66,0x12,
0xd5,0x8d,0x97,0xbd,0xb0,0x01,0x53,0x91,0xef,0x09,0xba,0x09,0xf2,0x50,
0xe1,0x2f,0x57,0x8e,0x58,0x5d,0x54,0x1a,0x1b,0xc4,0xb6,0x69,0x88,0x74,
0x4a,0x1d,0x6b,0x55,0xac,0x10,0xee,0x9c,0xc9,0xaa,0x0c,0xe2,0x2d,0xd4,
0xce,0x8d,0x40,0x6e,0x1b,0x9a,0xcd,0x25,0x54,0x98,0xce,0xee,0xd6,0xaf,
0x2a,0xd6,0xe1,0x9d,0x6c,0x74,0x79,0x15,0x72,0x96,0x96,0x24,0x64,0x6a,
0xfb,0x44,0x71,0x80,0xab,0xfd,0x63,0xe3,0xe1,0xb6,0x35,0x9f,0x88,0x36,
0x1c,0x73,0x26,0x13,0x2a,0xbd,0x36,0xd9,0xbd,0x4e,0x5e,0x37,0x45,0x8d,
0x91,0xa0,0xd4,0xc5,0x14,0x59,0xe8,0x31,0xea,0x2e,0x5e,0x20,0x26,0xca,
0x73,0x3d,0xb3,0x6b,0x24,0xf2,0x74,0xf6,0xc2,0x4d,0x6b,0x9a,0xe7,0x91,
0x1a,0x6b,0x3a,0x3e,0xd0,0x21,0x27,0x0e,0x81,0x10,0xe3,0x4f,0x41,0x38,
0x4b,0x7c,0x1f,0xd0,0xea,0x49,0x7d,0x94,0x86,0x1f,0xf4,0xfa,0xfc,0x2b,
0x36,0x57,0x8d,0xc7,0x8c,0x03,0x93,0xdb,0xaf,0x7d,0xcf,0x8b,0x12,0xb4,
0x80,0x46,0x6d,0x83,0x68,0x6c,0x81,0x9e,0x55,0x9c,0x1c,0xaf,0xc0,0x28,
0x3b,0x95,0x4a,0xc9,0x59,0xc0,0x97,0xad,0x58,0xe1,0xaf,0x75,0x66,0xfd,
0x5f,0x28,0xee,0xbb,0x75,0x3b,0x73,0x2e,0xee,0x01,0xc7,0x6d,0x08,0x95,
0xe7,0xfa,0x12,0xd3,0x43,0xff,0x8c,0x02,0xad,0xa4,0x17,0x18,0xba,0x7b,
0x94,0x6b,0x35,0x05,0x1f,0x14,0xbe,0x7a,0x75,0xd3,0x93,0x5c,0x93,0xa0,
0x3b,0x60,0x92,0x86,0x47,0x83,0x60,0x87,0xe9,0x54,0x5a,0x74,0x4f,0x2f,
0x99,0xf9,0x04,0xe3,0x1c,0xbb,0x54,0xb3,0x45,0x21,0x0b,0x5e,0x62,0xf9,
0x62,0x5a,0x14,0x39,0x25,0x37,0xde,0x83,0x1e,0x71,0xd9,0x4e,0x8a,0x41,
0x03,0x6a,0xb9,0xa0,0xef,0x49